Pos,diff
PK,4.25650499328
QB,6.64094340044
RB,7.0258279245
TE,5.76531587573
WR,7.2652497602
